ID;ADDRESS;MAP_SIZE;LOOKUP;KEY_HASH;LOOKUP_KEYS_NUMBER;
1644;0x00007fa696cf4bda;4;1;'__struct__' 3251439783;1
1645;0x00007fa696cf4bda;4;1;coef 4292789511;1
1646;0x00007fa696cf4bda;4;1;sign 1766118830;1
1547;0x00007fa696cf52ca;5;1;precision 2963381113;1
1657;0x00007fa696cf4bda;4;1;'__struct__' 3251439783 coef 4292789511 ;2;
1658;0x00007fa696cf4bda;4;1;exp 1445917680 sign 1766118830 ;2;
1695;0x00007fa696cf52ca;5;1;'__struct__' 3251439783;1
1650;0x00007fa696cf4bda;4;1;'__struct__' 3251439783 coef 4292789511 exp 1445917680 sign 1766118830 ;4;
1679;0x00007fa696cf4bda;4;1;'__struct__' 3251439783;1
1680;0x00007fa696cf4bda;4;1;coef 4292789511;1
1681;0x00007fa696cf4bda;4;1;coef 4292789511 exp 1445917680 ;2;
1682;0x00007fa696cf4bda;4;1;sign 1766118830;1
1683;0x00007fa696cf4bda;4;1;coef 4292789511 sign 1766118830 ;2;
1684;0x00007fa696cf4bda;4;1;coef 4292789511 exp 1445917680 sign 1766118830 ;3;
1685;0x00007fa696cf52ca;5;1;precision 2963381113;1
1686;0x00007fa696cf52ca;5;1;precision 2963381113;1
1547;0x00007fa696cf52ca;5;1;precision 2963381113;1
1657;0x00007fa696cf4bda;4;1;'__struct__' 3251439783 coef 4292789511 ;2;
1658;0x00007fa696cf4bda;4;1;exp 1445917680 sign 1766118830 ;2;
1695;0x00007fa696cf52ca;5;1;'__struct__' 3251439783;1
1516;0x00007fa696cf4bda;4;1;'__struct__' 3251439783;1
1517;0x00007fa696cf4bda;4;1;coef 4292789511;1
1519;0x00007fa696cf4bda;4;1;'__struct__' 3251439783 coef 4292789511 ;2;
1520;0x00007fa696cf4bda;4;1;coef 4292789511 sign 1766118830 ;2;
1524;0x00007fa696cf4bda;4;1;coef 4292789511;1
1527;0x00007fa696cf4bda;4;1;'__struct__' 3251439783;1
1528;0x00007fa696cf4bda;4;1;coef 4292789511;1
1529;0x00007fa696cf4bda;4;1;coef 4292789511 exp 1445917680 sign 1766118830 ;3;
1530;0x00007fa696cf4bda;4;1;coef 4292789511 exp 1445917680 sign 1766118830 ;3;
1547;0x00007fa696cf52ca;5;1;precision 2963381113;1
1657;0x00007fa696cf4bda;4;1;'__struct__' 3251439783 coef 4292789511 ;2;
1658;0x00007fa696cf4bda;4;1;exp 1445917680 sign 1766118830 ;2;
1695;0x00007fa696cf52ca;5;1;'__struct__' 3251439783;1
1628;0x00007fa696cf4bda;4;1;'__struct__' 3251439783;1
1629;0x00007fa696cf4bda;4;1;coef 4292789511;1
1631;0x00007fa696cf4bda;4;1;'__struct__' 3251439783 coef 4292789511 ;2;
1632;0x00007fa696cf4bda;4;1;coef 4292789511;1
1635;0x00007fa696cf4bda;4;1;coef 4292789511 exp 1445917680 sign 1766118830 ;3;
1637;0x00007fa696cf4bda;4;1;exp 1445917680 sign 1766118830 ;2;
1638;0x00007fa696cf4bda;4;1;'__struct__' 3251439783 coef 4292789511 exp 1445917680 sign 1766118830 ;4;
1639;0x00007fa696cf4bda;4;1;'__struct__' 3251439783;1
1640;0x00007fa696cf4bda;4;1;coef 4292789511 exp 1445917680 sign 1766118830 ;3;
1641;0x00007fa696cf4bda;4;1;coef 4292789511 exp 1445917680 sign 1766118830 ;3;
1547;0x00007fa696cf52ca;5;1;precision 2963381113;1
1657;0x00007fa696cf4bda;4;1;'__struct__' 3251439783 coef 4292789511 ;2;
1658;0x00007fa696cf4bda;4;1;exp 1445917680 sign 1766118830 ;2;
1695;0x00007fa696cf52ca;5;1;'__struct__' 3251439783;1
1650;0x00007fa696cf4bda;4;1;'__struct__' 3251439783 coef 4292789511 exp 1445917680 sign 1766118830 ;4;
1550;0x00007fa696cf4bda;4;1;'__struct__' 3251439783;1
1551;0x00007fa696cf4bda;4;1;coef 4292789511;1
1553;0x00007fa696cf4bda;4;1;'__struct__' 3251439783 coef 4292789511 ;2;
1554;0x00007fa696cf4bda;4;1;coef 4292789511;1
1556;0x00007fa696cf4bda;4;1;coef 4292789511 sign 1766118830 ;2;
1558;0x00007fa696cf4bda;4;1;exp 1445917680 sign 1766118830 ;2;
1559;0x00007fa696cf4bda;4;1;'__struct__' 3251439783 coef 4292789511 exp 1445917680 sign 1766118830 ;4;
1560;0x00007fa696cf4bda;4;1;coef 4292789511;1
1562;0x00007fa696cf4bda;4;1;sign 1766118830;1
1563;0x00007fa696cf4bda;4;1;'__struct__' 3251439783 coef 4292789511 sign 1766118830 ;3;
1564;0x00007fa696cf4bda;4;1;'__struct__' 3251439783;1
1565;0x00007fa696cf4bda;4;1;coef 4292789511 exp 1445917680 sign 1766118830 ;3;
1566;0x00007fa696cf4bda;4;1;coef 4292789511 exp 1445917680 sign 1766118830 ;3;
1567;0x00007fa696cf52ca;5;1;precision 2963381113;1
1547;0x00007fa696cf52ca;5;1;precision 2963381113;1
1657;0x00007fa696cf4bda;4;1;'__struct__' 3251439783 coef 4292789511 ;2;
1658;0x00007fa696cf4bda;4;1;exp 1445917680 sign 1766118830 ;2;
1695;0x00007fa696cf52ca;5;1;'__struct__' 3251439783;1
1644;0x00007fa696cf4bda;4;1;'__struct__' 3251439783;1
1645;0x00007fa696cf4bda;4;1;coef 4292789511;1
1646;0x00007fa696cf4bda;4;1;sign 1766118830;1
1547;0x00007fa696cf52ca;5;1;precision 2963381113;1
1657;0x00007fa696cf4bda;4;1;'__struct__' 3251439783 coef 4292789511 ;2;
1658;0x00007fa696cf4bda;4;1;exp 1445917680 sign 1766118830 ;2;
1695;0x00007fa696cf52ca;5;1;'__struct__' 3251439783;1
1650;0x00007fa696cf4bda;4;1;'__struct__' 3251439783 coef 4292789511 exp 1445917680 sign 1766118830 ;4;
1679;0x00007fa696cf4bda;4;1;'__struct__' 3251439783;1
1680;0x00007fa696cf4bda;4;1;coef 4292789511;1
1681;0x00007fa696cf4bda;4;1;coef 4292789511 exp 1445917680 ;2;
1682;0x00007fa696cf4bda;4;1;sign 1766118830;1
1683;0x00007fa696cf4bda;4;1;coef 4292789511 sign 1766118830 ;2;
1684;0x00007fa696cf4bda;4;1;coef 4292789511 exp 1445917680 sign 1766118830 ;3;
1685;0x00007fa696cf52ca;5;1;precision 2963381113;1
1686;0x00007fa696cf52ca;5;1;precision 2963381113;1
1547;0x00007fa696cf52ca;5;1;precision 2963381113;1
1657;0x00007fa696cf4bda;4;1;'__struct__' 3251439783 coef 4292789511 ;2;
1658;0x00007fa696cf4bda;4;1;exp 1445917680 sign 1766118830 ;2;
1695;0x00007fa696cf52ca;5;1;'__struct__' 3251439783;1
1687;0x00007fa696cf4bda;4;1;'__struct__' 3251439783;1
1688;0x00007fa696cf4bda;4;1;'__struct__' 3251439783 sign 1766118830 ;2;
1516;0x00007fa696cf4bda;4;1;'__struct__' 3251439783;1
1517;0x00007fa696cf4bda;4;1;coef 4292789511;1
1519;0x00007fa696cf4bda;4;1;'__struct__' 3251439783 coef 4292789511 ;2;
1520;0x00007fa696cf4bda;4;1;coef 4292789511 sign 1766118830 ;2;
1524;0x00007fa696cf4bda;4;1;coef 4292789511;1
1527;0x00007fa696cf4bda;4;1;'__struct__' 3251439783;1
1528;0x00007fa696cf4bda;4;1;coef 4292789511;1
1529;0x00007fa696cf4bda;4;1;coef 4292789511 exp 1445917680 sign 1766118830 ;3;
1530;0x00007fa696cf4bda;4;1;coef 4292789511 exp 1445917680 sign 1766118830 ;3;
1547;0x00007fa696cf52ca;5;1;precision 2963381113;1
1657;0x00007fa696cf4bda;4;1;'__struct__' 3251439783 coef 4292789511 ;2;
1658;0x00007fa696cf4bda;4;1;exp 1445917680 sign 1766118830 ;2;
1695;0x00007fa696cf52ca;5;1;'__struct__' 3251439783;1
1628;0x00007fa696cf4bda;4;1;'__struct__' 3251439783;1
1629;0x00007fa696cf4bda;4;1;coef 4292789511;1
1631;0x00007fa696cf4bda;4;1;'__struct__' 3251439783 coef 4292789511 ;2;
1632;0x00007fa696cf4bda;4;1;coef 4292789511;1
1635;0x00007fa696cf4bda;4;1;coef 4292789511 exp 1445917680 sign 1766118830 ;3;
1637;0x00007fa696cf4bda;4;1;exp 1445917680 sign 1766118830 ;2;
1638;0x00007fa696cf4bda;4;1;'__struct__' 3251439783 coef 4292789511 exp 1445917680 sign 1766118830 ;4;
1639;0x00007fa696cf4bda;4;1;'__struct__' 3251439783;1
1640;0x00007fa696cf4bda;4;1;coef 4292789511 exp 1445917680 sign 1766118830 ;3;
1641;0x00007fa696cf4bda;4;1;coef 4292789511 exp 1445917680 sign 1766118830 ;3;
1547;0x00007fa696cf52ca;5;1;precision 2963381113;1
1657;0x00007fa696cf4bda;4;1;'__struct__' 3251439783 coef 4292789511 ;2;
1658;0x00007fa696cf4bda;4;1;exp 1445917680 sign 1766118830 ;2;
1695;0x00007fa696cf52ca;5;1;'__struct__' 3251439783;1
1650;0x00007fa696cf4bda;4;1;'__struct__' 3251439783 coef 4292789511 exp 1445917680 sign 1766118830 ;4;
1550;0x00007fa696cf4bda;4;1;'__struct__' 3251439783;1
1551;0x00007fa696cf4bda;4;1;coef 4292789511;1
1553;0x00007fa696cf4bda;4;1;'__struct__' 3251439783 coef 4292789511 ;2;
1554;0x00007fa696cf4bda;4;1;coef 4292789511;1
1556;0x00007fa696cf4bda;4;1;coef 4292789511 sign 1766118830 ;2;
1558;0x00007fa696cf4bda;4;1;exp 1445917680 sign 1766118830 ;2;
1559;0x00007fa696cf4bda;4;1;'__struct__' 3251439783 coef 4292789511 exp 1445917680 sign 1766118830 ;4;
1560;0x00007fa696cf4bda;4;1;coef 4292789511;1
1562;0x00007fa696cf4bda;4;1;sign 1766118830;1
1563;0x00007fa696cf4bda;4;1;'__struct__' 3251439783 coef 4292789511 sign 1766118830 ;3;
1564;0x00007fa696cf4bda;4;1;'__struct__' 3251439783;1
1565;0x00007fa696cf4bda;4;1;coef 4292789511 exp 1445917680 sign 1766118830 ;3;
1566;0x00007fa696cf4bda;4;1;coef 4292789511 exp 1445917680 sign 1766118830 ;3;
1567;0x00007fa696cf52ca;5;1;precision 2963381113;1
1547;0x00007fa696cf52ca;5;1;precision 2963381113;1
1657;0x00007fa696cf4bda;4;1;'__struct__' 3251439783 coef 4292789511 ;2;
1658;0x00007fa696cf4bda;4;1;exp 1445917680 sign 1766118830 ;2;
1695;0x00007fa696cf52ca;5;1;'__struct__' 3251439783;1
1691;0x00007fa696cf4bda;4;1;'__struct__' 3251439783;1
1692;0x00007fa696cf4bda;4;1;coef 4292789511 sign 1766118830 ;2;
1693;0x00007fa696cf4bda;4;1;coef 4292789511 exp 1445917680 sign 1766118830 ;3;
1691;0x00007fa696cf4bda;4;1;'__struct__' 3251439783;1
1692;0x00007fa696cf4bda;4;1;coef 4292789511 sign 1766118830 ;2;
1693;0x00007fa696cf4bda;4;1;coef 4292789511 exp 1445917680 sign 1766118830 ;3;
668;0x00007fa5f9c4bd02;6;1;directives 3195566427;1
468;0x00007fa5f9c4bfaa;5;0;'__struct__' 3251439783 first 2177785933 last 1882117626 step 1800171554 ;4;
469;0x00007fa5f9c4bfaa;5;0;'__struct__' 3251439783;1
668;0x00007fa5f9c4bd02;6;1;directives 3195566427;1
468;0x00007fa5f9c4bfaa;5;0;'__struct__' 3251439783 first 2177785933 last 1882117626 step 1800171554 ;4;
469;0x00007fa5f9c4bfaa;5;0;'__struct__' 3251439783;1
646;0x00007fa5f9c996ca;15;1;lexical_tracker 1431559368;1
647;0x00007fa5f9c996ca;15;1;tracers 964079037;1
638;0x00007fa696c8c6ea;5;1;ets 1617655242;1
640;0x00007fa696c8c6ea;5;1;modules 3915237472;1
821;0x00007fa5f9ca581a;4;1;name 503296378;1
765;0x00007fa696b75d82;11;1;'recursing?' 618943248;1
668;0x00007fa5f9c0425a;6;1;directives 3195566427;1
468;0x00007fa696ad4182;0;0;'__struct__' 3251439783 first 2177785933 last 1882117626 step 1800171554 ;4;
469;0x00007fa696ad4182;0;0;'__struct__' 3251439783;1
668;0x00007fa5f9c0425a;6;1;directives 3195566427;1
468;0x00007fa696ad4182;0;0;'__struct__' 3251439783 first 2177785933 last 1882117626 step 1800171554 ;4;
469;0x00007fa696ad4182;0;0;'__struct__' 3251439783;1
646;0x00007fa5f9c7f04a;15;1;lexical_tracker 1431559368;1
647;0x00007fa5f9c7f04a;15;1;tracers 964079037;1
638;0x00007fa696c8c6ea;5;1;ets 1617655242;1
527;0x00007fa696c807ea;11;1;ref 2466025783;1
640;0x00007fa696c8c6ea;5;1;modules 3915237472;1
1;tracers 964079037;1
638;0x00007f71964e06ea;5;1;ets 1617655242;1
640;0x00007f71964e06ea;5;1;modules 3915237472;1
527;0x00007f71964d47ea;11;1;ref 2466025783;1
a;15;1;tracers 964079037;
638;0x00007fbdd8cf06ea;5;1;ets 1617655242;
640;0x00007fbdd8cf06ea;5;1;modules 3915237472;
527;0x00007fbdd8ce47ea;11;1;ref 2466025783;
